x,y,level,level_probability
-1.1266705585464392,2.3043711659894766,50%,0.5
-1.173434362454628,2.289709744710258,50%,0.5
-1.2198388059655483,2.273927175998365,50%,0.5
-1.2658633981832839,2.257030428991842,50%,0.5
-1.3114878159435566,2.239026964818505,50%,0.5
-1.3566919127878632,2.2199247333013146,50%,0.5
-1.4014557278595845,2.199732169447959,50%,0.5
-1.4457594947181376,2.178458189726192,50%,0.5
-1.4895836500672799,2.156112188126573,50%,0.5
-1.5329088423937096,2.1327040320143404,50%,0.5
-1.575715940512149,2.1082440577722683,50%,0.5
-1.617986042013138,2.0827430662364055,50%,0.5
-1.6597004816098062,2.056212317926732,50%,0.5
-1.7008408393799366,2.0286635280748304,50%,0.5
-1.741388948899686,2.000108861450768,50%,0.5
-1.781326905265367,1.9705609269914812,50%,0.5
-1.8206370729997479,1.9400327722330175,50%,0.5
-1.859302093839383,1.9085378775491169,50%,0.5
-1.8973048943995348,1.876090150198653,50%,0.5
-1.9346286937132982,1.8427039181845841,50%,0.5
-1.9712570106416036,1.808393923927106,50%,0.5
-2.007173671150826,1.7731753177538172,50%,0.5
-2.042362815454778,1.73706365120976,50%,0.5
-2.076808905017952,1.7000748701902948,50%,0.5
-2.1104967294168917,1.6622253078998432,50%,0.5
-2.143411413056695,1.6235316776396045,50%,0.5
-2.1755384217396516,1.584011065427431,50%,0.5
-2.206863569083141,1.543680922453125,50%,0.5
-2.237373022783933,1.5025590573724843,50%,0.5
-2.2670533107261512,1.4606636284435004,50%,0.5
-2.2958913269301737,1.4180131355081844,50%,0.5
-2.323874337339869,1.3746264118235558,50%,0.5
-2.350989985445592,1.3305226157454078,50%,0.5
-2.377226297740478,1.285721222268516,50%,0.5
-2.4025716890076003,1.2402420144270283,50%,0.5
-2.4270149674356745,1.1941050745588366,50%,0.5
-2.4505453395610557,1.1473307754377784,50%,0.5
-2.4731524150338196,1.0999397712775951,50%,0.5
-2.4948262112058517,1.051952988611613,50%,0.5
-2.5155571575389057,1.0033916170521742,50%,0.5
-2.5353360998306806,0.9542770999339008,50%,0.5
-2.55415430425706,0.9046311248449221,50%,0.5
-2.572003461228724,0.8544756140502465,50%,0.5
-2.588875689060427,0.8038327148115052,50%,0.5
-2.6047635374513325,0.7527247896073468,50%,0.5
-2.619659990774852,0.7011744062587941,50%,0.5
-2.633558471176549,0.6492043279639317,50%,0.5
-2.6464528414787374,0.5968375032463169,50%,0.5
-2.6583374078904827,0.5440970558215588,50%,0.5
-2.6692069225218216,0.4910062743865357,50%,0.5
-2.6790565857010815,0.4375886023357634,50%,0.5
-2.687882048094284,0.38386762740945085,50%,0.5
-2.6956794126256813,0.3298670712778173,50%,0.5
-2.702445236198602,0.27561077906627324,50%,0.5
-2.7081765312158206,0.2211227088260826,50%,0.5
-2.712870766898802,0.1664269209551617,50%,0.5
-2.7165258704052153,0.11154756757368478,50%,0.5
-2.719140227744248,0.056508881859188065,50%,0.5
-2.720712684489296,0.0013351673458809055,50%,0.5
-2.721242546287727,-0.053949212807110014,50%,0.5
-2.7207295791674886,-0.10931984657382951,50%,0.5
-2.719174009640419,-0.1647522838411524,50%,0.5
-2.71657652460223,-0.2202220472052685,50%,0.5
-2.7129382710291923,-0.27570464278021284,50%,0.5
-2.7082608554716643,-0.3311755710136799,50%,0.5
-2.7025463433446806,-0.38661033750533125,50%,0.5
-2.6957972580159266,-0.441984463822836,50%,0.5
-2.688016579691488,-0.497273498310859,50%,0.5
-2.6792077440998785,-0.5524530268882194,50%,0.5
-2.669374640974917,-0.6074986838284647,50%,0.5
-2.65852161233813,-0.6623861625190879,50%,0.5
-2.6466534505814376,-0.717091226194646,50%,0.5
-2.6337753963509707,-0.7715897186390297,50%,0.5
-2.6198931362329434,-0.8258575748521708,50%,0.5
-2.6050128002426245,-0.8798708316764672,50%,0.5
-2.589140959117487,-0.9336056383782421,50%,0.5
-2.572284621415762,-0.9870382671795519,50%,0.5
-2.5544512304216527,-1.0401451237357076,50%,0.5
-2.535648660858593,-1.0929027575538726,50%,0.5
-2.515885215411986,-1.1452878723481421,50%,0.5
-2.4951696210629786,-1.1972773363265234,50%,0.5
-2.4735110252348687,-1.248848192405286,50%,0.5
-2.4509189917538565,-1.299977668346166,50%,0.5
-2.4274034966259377,-1.3506431868119404,50%,0.5
-2.4029749236317723,-1.4008223753359474,50%,0.5
-2.3776440597415016,-1.4504930762011363,50%,0.5
-2.351422090351527,-1.4996333562242932,50%,0.5
-2.3243205943453527,-1.5482215164411146,50%,0.5
-2.2963515389806757,-1.5962361016878612,50%,0.5
-2.267527274604986,-1.6436559100753538,50%,0.5
-2.2378605292019937,-1.6904600023511314,50%,0.5
-2.2073644027713177,-1.7366277111456332,50%,0.5
-2.1760523615438867,-1.7821386500983298,50%,0.5
-2.143938232035639,-1.8269727228597643,50%,0.5
-2.1110361949421135,-1.8711101319655368,50%,0.5
-2.077360778876662,-1.914531387578305,50%,0.5
-2.0429268539550174,-1.9572173160939474,50%,0.5
-2.0077496252290703,-1.9991490686080908,50%,0.5
-1.9718446259727462,-2.0403081292392518,50%,0.5
-1.9352277108229503,-2.0806763233049295,50%,0.5
-1.897915048778604,-2.120235825347036,50%,0.5
-1.8599231160608725,-2.1589691670031157,50%,0.5
-1.8212686888377274,-2.1968592447198794,50%,0.5
-1.7819688358160626,-2.233889327305659,50%,0.5
-1.7420409107046375,-2.270043063318423,50%,0.5
-1.701502544551164,-2.305304488286117,50%,0.5
-1.6603716379569344,-2.3396580317561253,50%,0.5
-1.6186663531724177,-2.373088524170744,50%,0.5
-1.5764051060773236,-2.4055812035656277,50%,0.5
-1.5336065580486662,-2.4371217220882633,50%,0.5
-1.4902896077204284,-2.4676961523335716,50%,0.5
-1.4464733826384504,-2.497290993493864,50%,0.5
-1.4021772308142526,-2.525893177320411,50%,0.5
-1.3574207121814932,-2.5534900738940207,50%,0.5
-1.3122235899588528,-2.5800694972020484,50%,0.5
-1.2666058219231542,-2.605619710519404,50%,0.5
-1.220587551596569,-2.630129431591154,50%,0.5
-1.1741890993518074,-2.65358783761445,50%,0.5
-1.1274309534392093,-2.675984570017574,50%,0.5
-1.0803337609397148,-2.6973097390339893,50%,0.5
-1.0329183186476913,-2.7175539280693872,50%,0.5
-0.9852055638876568,-2.7367081978597865,50%,0.5
-0.9372165652689434,-2.754764090418862,50%,0.5
-0.888972513382396,-2.771713632772754,50%,0.5
-0.8404947114432024,-2.787549340480708,50%,0.5
-0.7918045658839944,-2.8022642209399935,50%,0.5
-0.7429235769023645,-2.8158517764736417,50%,0.5
-0.6938733289669928,-2.828306007199633,50%,0.5
-0.6446754812865461,-2.83962141368028,50%,0.5
-0.5953517582455847,-2.8497929993506226,50%,0.5
-0.5459239398116836,-2.85881627272477,50%,0.5
-0.49641385191801385,-2.8666872493792166,50%,0.5
-0.4468433568256238,-2.8734024537122482,50%,0.5
-0.3972343434696782,-2.8789589204786727,50%,0.5
-0.3476087177939252,-2.883354196099186,50%,0.5
-0.29798839307764496,-2.8865863397438076,50%,0.5
-0.24839528025936297,-2.888653924188891,50%,0.5
-0.19885127826159643,-2.8895560364473516,50%,0.5
-0.14937826432090756,-2.8892922781718093,50%,0.5
-0.09999808432752982,-2.8878627658304965,50%,0.5
-0.05073254317884063,-2.8852681306558186,50%,0.5
-0.0016033951509278888,-2.881509518365627,50%,0.5
0.04736766570748058,-2.8765885886573006,50%,0.5
0.09615901515450109,-2.8705075144748675,50%,0.5
0.14474910830375054,-2.863268981049499,50%,0.5
0.1931164891379611,-2.8548761847137825,50%,0.5
0.24123979998335354,-2.8453328314903112,50%,0.5
0.2890977909405843,-2.8346431354552144,50%,0.5
0.3366693292681061,-2.8228118168773335,50%,0.5
0.383933408713786,-2.8098441001338856,50%,0.5
0.43086915879067866,-2.7957457114035305,50%,0.5
0.4774558539928456,-2.7805228761378444,50%,0.5
0.5236729229471545,-2.764182316312341,50%,0.5
0.5694999574970188,-2.746731247458234,50%,0.5
0.6149167217140651,-2.728177375476261,50%,0.5
0.6599031608337478,-2.7085288932339764,50%,0.5
0.7044394101109739,-2.687794476948012,50%,0.5
0.7485058035918082,-2.665983282352901,50%,0.5
0.7920828827974091,-2.643104940658166,50%,0.5
0.8351514053163442,-2.61916955429545,50%,0.5
0.8776923533014975,-2.5941876924575595,50%,0.5
0.9196869418678155,-2.5681703864314156,50%,0.5
0.9611166273871823,-2.5411291247269427,50%,0.5
1.0019631156767677,-2.513075848004066,50%,0.5
1.0422083700772173,-2.4840229438000536,50%,0.5
1.0818346194171382,-2.4539832410595315,50%,0.5
1.1208243658603467,-2.4229700044695757,50%,0.5
1.159160392632419,-2.3909969286024073,50%,0.5
1.196825771623136,-2.35807813186825,50%,0.5
1.2338038708614596,-2.3242281502810394,50%,0.5
1.2700783618597409,-2.28946193103973,50%,0.5
1.305633226823925,-2.253794825928028,50%,0.5
1.340452765726554,-2.217242584535481,50%,0.5
1.3745216032394574,-2.179821347302901,50%,0.5
1.4078246955230673,-2.1415476383951986,50%,0.5
1.4403473368693516,-2.1024383584047786,50%,0.5
1.472075166195441,-2.0625107768887143,50%,0.5
1.5029941733850791,-2.0217825247429957,50%,0.5
1.5330907054750988,-1.9802715864172222,50%,0.5
1.5623514726841798,-1.9379962919731786,50%,0.5
1.5907635542812468,-1.894975308990793,50%,0.5
1.6183144042908992,-1.8512276343250607,50%,0.5
1.6449918570333615,-1.8067725857175667,50%,0.5
1.6707841324965031,-1.7616297932663152,50%,0.5
1.6956798415375613,-1.7158191907576312,50%,0.5
1.7196679909122665,-1.6693610068639628,50%,0.5
1.7427379881291494,-1.622275756211464,50%,0.5
1.7648796461268852,-1.5745842303213196,50%,0.5
1.786083187772616,-1.5263074884287917,50%,0.5
1.8063392501792548,-1.4774668481840547,50%,0.5
1.825638888839874,-1.4280838762389203,50%,0.5
1.843973581577348,-1.3781803787236129,50%,0.5
1.8613352323075072,-1.3277783916177923,50%,0.5
1.8777161746141389,-1.276900171020092,50%,0.5
1.8931091751342632,-1.2255681833204477,50%,0.5
1.9075074367521816,-1.1738050952795722,50%,0.5
1.92090460160089,-1.1216337640199552,50%,0.5
1.9332947538695378,-1.069077226932797,50%,0.5
1.9446724224156797,-1.0161586915053487,50%,0.5
1.9550325831811801,-0.9629015250731376,50%,0.5
1.9643706614106955,-0.9093292445016101,50%,0.5
1.9726825336717584,-0.8554655058017449,50%,0.5
1.9799645296755648,-0.8013340936842253,50%,0.5
1.9862134338976782,-0.7469589110567819,50%,0.5
1.9914264869979068,-0.6923639684693406,50%,0.5
1.9956013870387552,-0.6375733735116333,50%,0.5
1.998736290501894,-0.5826113201679779,50%,0.5
2.0008298131022038,-0.5275020781338853,50%,0.5
2.0018810303990415,-0.4722699820992498,50%,0.5
2.001889478204439,-0.4169394210028329,50%,0.5
2.000855152788086,-0.3615348272627963,50%,0.5
1.998778510878967,-0.3060806659880323,50%,0.5
1.9956604694636904,-0.2506014241750614,50%,0.5
1.9915024053815678,-0.19512159989526434,50%,0.5
1.9863061547166436,-0.1396656914772219,50%,0.5
1.9800740119869318,-0.08425818668894394,50%,0.5
1.9728087291312197,-0.028923551924760232,50%,0.5
1.9645135142938897,0.026313778598351156,50%,0.5
1.955192030408295,0.08142941363022549,50%,0.5
1.9448483935793084,0.1363990156579986,50%,0.5
1.933487171265768,0.19119831165287732,50%,0.5
1.9211133802636169,0.24580310378841108,50%,0.5
1.907732484490625,0.3001892801255806,50%,0.5
1.8933503925736768,0.3543328252599485,50%,0.5
1.8779734552396918,0.4082098309261866,50%,0.5
1.8616084625113183,0.4617965065552923,50%,0.5
1.8442626407086513,0.5150691897798343,50%,0.5
1.8259436492582937,0.5680043568825879,50%,0.5
1.8066595773111696,0.620578633183946,50%,0.5
1.7864189401705828,0.6727688033635206,50%,0.5
1.7652306755320961,0.7245518217113736,50%,0.5
1.7431041395369007,0.7759048223043539,50%,0.5
1.7200491026404048,0.8268051291030456,50%,0.5
1.6960757452978756,0.8772302659648685,50%,0.5
1.6711946534690394,0.927157966568908,50%,0.5
1.6454168139436145,0.9765661842481037,50%,0.5
1.6187536094898598,1.0254331017244245,50%,0.5
1.5912168138282632,1.0737371407427725,50%,0.5
1.5628185864325959,1.1214569715993317,50%,0.5
1.533571467160633,1.1685715225601638,50%,0.5
1.5034883707169053,1.2150599891658929,50%,0.5
1.4725825809499287,1.26090184341837,50%,0.5
1.4408677449864302,1.3060768428452583,50%,0.5
1.4083578672051629,1.3505650394385385,50%,0.5
1.3750673030529643,1.394346788462989,50%,0.5
1.3410107527057964,1.4374027571307477,50%,0.5
1.3062032545775613,1.4797139331381253,50%,0.5
1.2706601786795615,1.521261633060905,50%,0.5
1.2343972198335351,1.5620275106044172,50%,0.5
1.1974303907412667,1.6019935647047425,50%,0.5
1.1597760149138208,1.6411421474774843,50%,0.5
1.1214507194635506,1.679455972010566,50%,0.5
1.082471427762026,1.7169181199976518,50%,0.5
1.0428553519671506,1.7535120492087937,50%,0.5
1.002619985422757,1.7892216007950124,50%,0.5
0.9617830949340398,1.824031006423593,50%,0.5
0.9203627129222332,1.8579248952409344,50%,0.5
0.8783771294620024,1.8908883006598867,50%,0.5
0.835844884205061,1.922906666968574,50%,0.5
0.792784758193583,1.9539658557577897,50%,0.5
0.7492157655670224,1.9840521521641152,50%,0.5
0.7051571451660068,2.013152270926022,50%,0.5
0.6606283520370042,2.0412533622502655,50%,0.5
0.6156490488415234,2.0683430174859962,50%,0.5
0.5702390971736382,2.0944092746040655,50%,0.5
0.5244185487896597,2.1194406234791265,50%,0.5
0.4782076367538549,2.143426010972177,50%,0.5
0.43162676650408816,2.166354845811316,50%,0.5
0.3846965068413568,2.188217003268552,50%,0.5
0.33743758084718745,2.2090028296305957,50%,0.5
0.289870856732906,2.228703146461672,50%,0.5
0.24201733862482344,2.247309254656453,50%,0.5
0.1938981572894043,2.2648129382813447,50%,0.5
0.1455345608025166,2.2812064682024067,50%,0.5
0.09694790516687807,2.2964826054983223,50%,0.5
0.048159644881846875,2.310634604656902,50%,0.5
-8.086765302803278e-4,2.3236562165537147,50%,0.5
-0.04993543603728273,2.3355416912115174,50%,0.5
-0.09919894064513657,2.346285780339292,50%,0.5
-0.14857743697702921,2.355883739649738,50%,0.5
-0.19804912087904616,2.364331330954218,50%,0.5
-0.24759214704825888,2.371624824034221,50%,0.5
-0.2971846386790043,2.3777609982885237,50%,0.5
-0.34680469712306344,2.382737144155315,50%,0.5
-0.3964304115594897,2.386551064308664,50%,0.5
-0.44603986866980855,2.3892010746287977,50%,0.5
-0.4956111623143231,2.39068600494576,50%,0.5
-0.5451224032052492,2.391005199556125,50%,0.5
-0.5945517285724075,2.3901585175125386,50%,0.5
-0.6438773118172079,2.3881463326859556,50%,0.5
-0.693077372150662,2.3849695336005508,50%,0.5
-0.7421301842111642,2.380629523041369,50%,0.5
-0.7910140876578019,2.3751282174348978,50%,0.5
-0.8397074967349509,2.3684680460028242,50%,0.5
-0.8881889098039364,2.3606519496893625,50%,0.5
-0.9364369188375586,2.3516833798626107,50%,0.5
-0.984430218873263,2.3415662967905297,50%,0.5
-1.0321476174208204,2.330305167892197,50%,0.5
-1.0795680438203314,2.3179049657651194,50%,0.5
-1.1266705585464385,2.3043711659894766,50%,0.5
-1.528445411691024,3.641942746334119,80%,0.8
-1.5997035076984987,3.619601857060618,80%,0.8
-1.6704140148541313,3.5955525774356185,80%,0.8
-1.7405457093885437,3.5698055269439886,80%,0.8
-1.8100676231197177,3.542372074758417,80%,0.8
-1.8789490571276708,3.513264334719104,80%,0.8
-1.947159595310237,3.4824951599846354,80%,0.8
-2.01466911781396,3.450078137356387,80%,0.8
-2.081447814334172,3.4160275812789758,80%,0.8
-2.147466197278388,3.380358527519401,80%,0.8
-2.212695114787192,3.343086726527679,80%,0.8
-2.2771057636068814,3.304228636481884,80%,0.8
-2.3406697018081717,3.2638014160206796,80%,0.8
-2.4033588613453505,3.22182291666655,80%,0.8
-2.4651455604503374,3.1783116749430658,80%,0.8
-2.5260025158561765,3.1332869041896805,80%,0.8
-2.5859028548445515,3.086768486077661,80%,0.8
-2.6448201271120295,3.0387769618308984,80%,0.8
-2.7027283164497673,2.9893335231554827,80%,0.8
-2.7596018522315324,2.938460002882044,80%,0.8
-2.8154156207049814,2.886178865324987,80%,0.8
-2.8701449760811775,2.832513196362882,80%,0.8
-2.9237657514174806,2.7774866932443936,80%,0.8
-2.9762542692889893,2.7211236541242387,80%,0.8
-3.0275873522438213,2.6634489673338084,80%,0.8
-3.077742333037633,2.6044881003911815,80%,0.8
-3.1266970646428227,2.5442670887553835,80%,0.8
-3.1744299300280465,2.4828125243298613,80%,0.8
-3.2209198517036866,2.4201515437202494,80%,0.8
-3.2661463010290737,2.356311816251606,80%,0.8
-3.310089307277363,2.2913215317504205,80%,0.8
-3.3527294664540435,2.225209388096776,80%,0.8
-3.3940479498651888,2.158004578552178,80%,0.8
-3.4340265124316884,2.0897367788686294,80%,0.8
-3.472647500745757,2.0204361341846515,80%,0.8
-3.509893860866179,1.9501332457140452,80%,0.8
-3.545749145848853,1.8788591572332525,80%,0.8
-3.580197523009299,1.8066453413732981,80%,0.8
-3.6132237809139234,1.7335236857223648,80%,0.8
-3.644813336096962,1.6595264787451285,80%,0.8
-3.674952239500131,1.5846863955250843,80%,0.8
-3.703627182632129,1.509036483336148,80%,0.8
-3.7308255034453035,1.4326101470499104,80%,0.8
-3.7565351919268464,1.3554411343849855,80%,0.8
-3.7807448954020817,1.2775635210049707,80%,0.8
-3.803443923547487,1.1990116954715901,80%,0.8
-3.8246222531112357,1.1198203440596748,80%,0.8
-3.8442705323391877,1.0400244354406811,80%,0.8
-3.8623800851043564,0.9596592052415083,80%,0.8
-3.8789429147380456,0.8787601404854386,80%,0.8
-3.8939517075609524,0.7973629639220672,80%,0.8
-3.907399836112681,0.7155036182531409,80%,0.8
-3.9192813620782427,0.6332182502612711,80%,0.8
-3.9295910389102504,0.550543194848536,80%,0.8
-3.9383243141456434,0.46751495899200807,80%,0.8
-3.9454773314159297,0.3841702056233019,80%,0.8
-3.9510469321500494,0.3005457374392538,80%,0.8
-3.9550306569691074,0.21667848065088868,80%,0.8
-3.957426746772372,0.13260546867784495,80%,0.8
-3.9582341435140362,0.0483638257954595,80%,0.8
-3.9574524906704305,-0.03600924925827215,80%,0.8
-3.955082133397445,-0.12047649970860419,80%,0.8
-3.9511241183781234,-0.20500062719558826,80%,0.8
-3.945580193360474,-0.2895443082439759,80%,0.8
-3.93845280638572,-0.37407021074422053,80%,0.8
-3.929745104707303,-0.4585410104372777,80%,0.8
-3.9194609334011528,-0.5429194073959522,80%,0.8
-3.9076048336678078,-0.627168142495498,80%,0.8
-3.894182040827146,-0.7112500138661929,80%,0.8
-3.879198482006619,-0.7951278933206409,80%,0.8
-3.8626607735239986,-0.8787647427485326,80%,0.8
-3.8445762179657947,-0.9621236304716356,80%,0.8
-3.824952800962641,-1.0451677475517793,80%,0.8
-3.8037991876630635,-1.1278604240446484,80%,0.8
-3.781124718907198,-1.2101651451921964,80%,0.8
-3.7569394071021343,-1.292045567546539,80%,0.8
-3.73125393180072,-1.3734655350181917,80%,0.8
-3.7040796349857743,-1.4543890948415843,80%,0.8
-3.675428516061783,-1.5347805134507893,80%,0.8
-3.645313226556299,-1.6146042922584616,80%,0.8
-3.6137470645333893,-1.6938251833310096,80%,0.8
-3.5807439687215803,-1.7724082049530943,80%,0.8
-3.546318512358906,-1.850318657074571,80%,0.8
-3.51048589675778,-1.927522136633051,80%,0.8
-3.473261944592524,-2.003984552745328,80%,0.8
-3.4346630929125164,-2.079672141760951,80%,0.8
-3.3947063858840565,-2.1545514821713043,80%,0.8
-3.3534094672641404,-2.2285895093676023,80%,0.8
-3.3107905726094753,-2.3017535302412893,80%,0.8
-3.266868521224172,-2.3740112376203992,80%,0.8
-3.2216627078496627,-2.4453307245354923,80%,0.8
-3.175193094100541,-2.515680498308871,80%,0.8
-3.127480199650063,-2.5850294944608647,80%,0.8
-3.0785450931692475,-2.653347090427025,80%,0.8
-3.0284093830235346,-2.720603119080194,80%,0.8
-2.977095207731148,-2.7867678820514525,80%,0.8
-2.924625226187345,-2.8518121628440847,80%,0.8
-2.8710226076588823,-2.9157072397347665,80%,0.8
-2.8163110215531297,-2.978424898456262,80%,0.8
-2.760514626966315,-3.039937444656053,80%,0.8
-2.703658062015557,-3.1002177161253868,80%,0.8
-2.645766432959359,-3.159239094793342,80%,0.8
-2.5868653031113986,-3.216975518480617,80%,0.8
-2.5269806815524785,-3.2734014924078605,80%,0.8
-2.4661390116456605,-3.3284921004534413,80%,0.8
-2.4043671593596123,-3.38222301615571,80%,0.8
-2.3416924014053553,-3.434570513454879,80%,0.8
-2.2781424131916346,-3.485511477169785,80%,0.8
-2.2137452566042404,-3.535023413204896,80%,0.8
-2.148529367614668,-3.583084458483078,80%,0.8
-2.082523543723595,-3.6296733905997085,80%,0.8
-2.0157569312447086,-3.674769637193899,80%,0.8
-1.948259012434523,-3.7183532850326637,80%,0.8
-1.8800595924738421,-3.760405088804047,80%,0.8
-1.8111887863066285,-3.8009064796153083,80%,0.8
-1.7416770053420931,-3.8398395731924277,80%,0.8
-1.6715549440258726,-3.877187177777292,80%,0.8
-1.60085356628623,-3.9129328017190956,80%,0.8
-1.5296040918612468,-3.9470606607565863,80%,0.8
-1.4578379825130765,-3.97955568498795,80%,0.8
-1.3855869281353077,-4.01040352552526,80%,0.8
-1.3128828327596045,-4.039590560830536,80%,0.8
-1.2397578004677805,-4.067103902730637,80%,0.8
-1.1662441212155419,-4.09293140210831,80%,0.8
-1.0923742565741525,-4.117061654266905,80%,0.8
-1.018180825396318,-4.139484003966364,80%,0.8
-0.9436965894126123,-4.160188550128273,80%,0.8
-0.868954438764831,-4.179166150207905,80%,0.8
-0.7939873774826224,-4.196408424231305,80%,0.8
-0.7188285089098407,-4.211907758495655,80%,0.8
-0.6435110210870381,-4.225657308931266,80%,0.8
-0.5680681720965641,-4.237651004123734,80%,0.8
-0.492533275376731,-4.247883547994896,80%,0.8
-0.4169396850115333,-4.2563504221414385,80%,0.8
-0.3413207810024314,-4.263047887830089,80%,0.8
-0.2657099545286767,-4.267972987648541,80%,0.8
-0.19014059320270835,-4.271123546811362,80%,0.8
-0.11464606632712318,-4.27249817412032,80%,0.8
-0.039259710159732675,-4.272096262578687,80%,0.8
0.03598518680679308,-4.269917989659291,80%,0.8
0.11105539854418217,-4.265964317226129,80%,0.8
0.18591777616024685,-4.260236991109649,80%,0.8
0.2605392625364926,-4.252738540335833,80%,0.8
0.3348869069252163,-4.2434722760094505,80%,0.8
0.4089278794996273,-4.232442289851975,80%,0.8
0.4826294858505753,-4.219653452394786,80%,0.8
0.5559591814234804,-4.205111410828483,80%,0.8
0.6288845858890915,-4.188822586509247,80%,0.8
0.7013734974417336,-4.17079417212335,80%,0.8
0.7733939070187097,-4.1510341285110615,80%,0.8
0.8449140124346077,-4.129551181151375,80%,0.8
0.9159022324242492,-4.106354816309072,80%,0.8
0.9863272205880866,-4.081455276845866,80%,0.8
1.0561578792338913,-4.0548635576974315,80%,0.8
1.1253633731086188,-4.026591401018357,80%,0.8
1.193913143014386,-3.9966512909971383,80%,0.8
1.2617769193025603,-3.965056448343513,80%,0.8
1.3289247352399758,-3.9318208244505652,80%,0.8
1.3953269402414015,-3.896959095234185,80%,0.8
1.4609542129624071,-3.860486654652597,80%,0.8
1.525777574246843,-3.8224196079088197,80%,0.8
1.589768399923218,-3.782774764339066,80%,0.8
1.6528984334443264,-3.7415696299902077,80%,0.8
1.7151397983645522,-3.698822399889601,80%,0.8
1.77646501064931,-3.654551950010674,80%,0.8
1.8368469908112306,-3.60877782893783,80%,0.8
1.896259075867697,-3.5615202492343405,80%,0.8
1.9546750311144663,-3.5128000785170483,80%,0.8
2.0120690617101777,-3.462638830241812,80%,0.8
2.068415824066628,-3.411058654203773,80%,0.8
2.1236904370397864,-3.358082326756632,80%,0.8
2.177868492916609,-3.3037332407552404,80%,0.8
2.2309260681927947,-3.2480353952259895,80%,0.8
2.282839734136732,-3.1910133847695064,80%,0.8
2.3335865671349714,-3.1326923887003733,80%,0.8
2.383144158814641,-3.0730981599286515,80%,0.8
2.431490625938359,-3.012257013588121,80%,0.8
2.4786046200672507,-2.9501958154162584,80%,0.8
2.5244653369878245,-2.8869419698910797,80%,0.8
2.5690525258985177,-2.822523408130102,80%,0.8
2.61234649835189,-2.756968575556742,80%,0.8
2.654328136948479,-2.690306419339621,80%,0.8
2.6949789037785132,-2.6225663756103073,80%,0.8
2.7342808486077264,-2.5537783564651524,80%,0.8
2.772216616803675,-2.483972736756948,80%,0.8
2.8087694569990607,-2.413180340682252,80%,0.8
2.8439232284886584,-2.34143242817028,80%,0.8
2.8776624083565956,-2.2687606810794114,80%,0.8
2.909972098330841,-2.195197189207369,80%,0.8
2.9408380313618556,-2.1207744361212684,80%,0.8
2.9702465779225244,-2.045525284813784,80%,0.8
2.998184752026571,-1.969482963191786,80%,0.8
3.024640216962803,-1.8926810494038206,80%,0.8
3.0496012907426557,-1.8151534570129557,80%,0.8
3.073056951258631,-1.736934420021501,80%,0.8
3.0949968411513495,-1.6580584777542346,80%,0.8
3.115411272383067,-1.5785604596068155,80%,0.8
3.1342912305156414,-1.4984754696660956,80%,0.8
3.151628378691054,-1.4178388712091479,80%,0.8
3.167415061312731,-1.3366862710878393,80%,0.8
3.1816443074260397,-1.2550535040058441,80%,0.8
3.194309833796467,-1.1729766166950493,80%,0.8
3.2054060476841153,-1.0904918519983324,80%,0.8
3.214928049313304,-1.0076356328657432,80%,0.8
3.22287163403617,-0.9244445462711557,80%,0.8
3.229233294189318,-0.8409553270564787,80%,0.8
3.234010220642716,-0.7572048417106036,80%,0.8
3.2372003040401145,-0.6732300720901867,80%,0.8
3.2388021357304915,-0.5890680990895061,80%,0.8
3.2388150083900653,-0.5047560862665823,80%,0.8
3.2372389163346345,-0.4203312634327985,80%,0.8
3.234074555522078,-0.33583091021326184,80%,0.8
3.229323323245052,-0.25129233958517183,80%,0.8
3.2229873175139776,-0.16675288140146077,80%,0.8
3.21506933613062,-0.08224986590697919,80%,0.8
3.205572875452657,0.002179392745487674,80%,0.8
3.1945021288497877,0.08649761297209907,80%,0.8
3.181861984852059,0.1706675622204582,80%,0.8
3.1676580249912245,0.25465207341045765,80%,0.8
3.151896521336101,0.3384140613462126,80%,0.8
3.134584433722998,0.42191653909185406,80%,0.8
3.115729406682452,0.5051226343038968,80%,0.8
3.0953397660636117,0.5879956055130424,80%,0.8
3.0734245153577824,0.6704988583481739,80%,0.8
3.049993331722738,0.752595961695401,80%,0.8
3.0250565617095555,0.8342506637850133,80%,0.8
2.998625216693874,0.9154269081992419,80%,0.8
2.97071096801358,0.9960888497937577,80%,0.8
2.9413261418150727,1.0762008705258788,80%,0.8
2.910483713610385,1.1557275951824957,80%,0.8
2.8781973025475622,1.2346339070007686,80%,0.8
2.8444811653968287,1.3128849631747017,80%,0.8
2.8093501902552047,1.390446210240746,80%,0.8
2.7728198899723333,1.4672833993356351,80%,0.8
2.7349063953004524,1.543362601319717,80%,0.8
2.695626447771497,1.6186502217591185,80%,0.8
2.654997392304522,1.6931130157600838,80%,0.8
2.6130371695466668,1.7667181026489946,80%,0.8
2.569764307951073,1.8394329804915497,80%,0.8
2.52519791559524,1.9112255404447,80%,0.8
2.479357671743437,1.9820640809350136,80%,0.8
2.432263818156894,2.0519173216571964,80%,0.8
2.3839371501556084,2.120754417386595,80%,0.8
2.334399007435718,2.1885449715995775,80%,0.8
2.283671264646493,2.255259049895786,80%,0.8
2.231776321731105,2.320867193216323,80%,0.8
2.1787370940354416,2.385340430852043,80%,0.8
2.1245770021893398,2.448650293236201,80%,0.8
2.0693199617646885,2.5107688245158144,80%,0.8
2.0129903727149943,2.571668594896175,80%,0.8
1.9556131086010324,2.6313227127530867,80%,0.8
1.8972135056074027,2.689704836507433,80%,0.8
1.837817351354771,2.7467891862568874,80%,0.8
1.7774508735127863,2.8025505551595926,80%,0.8
1.716140728218676,2.856964320564786,80%,0.8
1.653913988306653,2.9100064548854747,80%,0.8
1.5907981313533064,2.9616535362083405,80%,0.8
1.526821027544284,3.011882758636195,80%,0.8
1.462010927367599,3.0606719423584248,80%,0.8
1.39639644913901,3.1079995434449703,80%,0.8
1.3300065663649798,3.153844663359518,80%,0.8
1.2628705949487904,3.1981870581877048,80%,0.8
1.1950181802454647,3.2410071475762656,80%,0.8
1.1264792839712112,3.2822860233791613,80%,0.8
1.0572841709731793,3.3220054580068825,80%,0.8
0.9874633958653416,3.360147912475249,80%,0.8
0.9170477895364537,3.3966965441501196,80%,0.8
0.8460684455359895,3.431635214184633,80%,0.8
0.7745567063441094,3.464948494645666,80%,0.8
0.7025441495317037,3.4966216753263724,80%,0.8
0.6300625738166242,3.526640770241803,80%,0.8
0.5571439850222673,3.5549925238047115,80%,0.8
0.48382058194470157,3.581664416678862,80%,0.8
0.4101247421345888,3.6066446713072047,80%,0.8
0.336089007600167,3.629922257112518,80%,0.8
0.26174607043761455,3.6514868953682016,80%,0.8
0.18712875839514398,3.671329063737072,80%,0.8
0.1122700203771898,3.6894400004761554,80%,0.8
0.03720291189510172,3.705811708305632,80%,0.8
-0.03803941952923712,3.7204369579402075,80%,0.8
-0.11342374900043406,3.733309291281362,80%,0.8
-0.1889167889207469,3.74442302426906,80%,0.8
-0.26448520368896283,3.7537732493916813,80%,0.8
-0.3400956244204573,3.7613558378530305,80%,0.8
-0.4157146636819564,3.7671674413955003,80%,0.8
-0.4913089302344846,3.77120549377857,80%,0.8
-0.5668450437779977,3.7734682119119842,80%,0.8
-0.6422896496911834,3.7739545966431134,80%,0.8
-0.7176094337599229,3.7726644331981527,80%,0.8
-0.7927711368879095,3.7695982912769574,80%,0.8
-0.8677415697829309,3.764757524801487,80%,0.8
-0.9424876276123236,3.758144271317943,80%,0.8
-1.0169763046211382,3.7497614510528927,80%,0.8
-1.0911747087065495,3.7396127656237796,80%,0.8
-1.16505007594208,3.7277026964043936,80%,0.8
-1.2385697850452417,3.714036502546017,80%,0.8
-1.311701371782156,3.6986202186551402,80%,0.8
-1.3844125433028573,3.6814606521287434,80%,0.8
-1.4566711924009055,3.6625653801483415,80%,0.8
-1.528445411691023,3.641942746334119,80%,0.8
-1.9542674349367382,5.05957113228329,95%,0.95
-2.0514858640463345,5.029091140790767,95%,0.95
-2.147957209933718,4.996280368157794,95%,0.95
-2.2436388735683233,4.961153302697903,95%,0.95
-2.3384886046210394,4.923725455534337,95%,0.95
-2.432464520120761,4.884013353750762,95%,0.95
-2.5255251229487348,4.842034533093389,95%,0.95
-2.6176293201625143,4.797807530227667,95%,0.95
-2.708736441141448,4.75135187455302,95%,0.95
-2.798806255545683,4.702688079579213,95%,0.95
-2.8877989910807464,4.6518376338681655,95%,0.95
-2.9756753510598744,4.598822991545205,95%,0.95
-3.0623965317563195,4.543667562383958,95%,0.95
-3.1479242395379883,4.486395701469255,95%,0.95
-3.2322207077768272,4.427032698442605,95%,0.95
-3.315248713525504,4.365604766335007,95%,0.95
-3.3969715939540137,4.302139029992016,95%,0.95
-3.477353262538953,4.2366635140961675,95%,0.95
-3.556358224998311,4.169207130792068,95%,0.95
-3.6339515949647447,4.09979966691961,95%,0.95
-3.7100991093904208,4.028471770860941,95%,0.95
-3.7847671436766097,3.9552549390069975,95%,0.95
-3.85792272652136,3.880181501849589,95%,0.95
-3.9295335544787013,3.803284609705159,95%,0.95
-3.999568006222934,3.7245982180765442,95%,0.95
-4.067995156511721,3.6441570726591754,95%,0.95
-4.134784789841795,3.5619966939983585,95%,0.95
-4.1999074137912835,3.478153361804399,95%,0.95
-4.263334272042727,3.3926640989325096,95%,0.95
-4.325037357081061,3.305566655034553,95%,0.95
-4.384989422560943,3.2168994898898617,95%,0.95
-4.44316399533798,3.126701756422481,95%,0.95
-4.499535387158512,3.035013283412339,95%,0.95
-4.554078706002832,2.9418745579079837,95%,0.95
-4.606769867076796,2.8473267073486324,95%,0.95
-4.6575856034469885,2.751411481403464,95%,0.95
-4.706503476314751,2.654171233536131,95%,0.95
-4.75350188492452,2.555648902302667,95%,0.95
-4.7985600761021105,2.455887992391028,95%,0.95
-4.841658153418741,2.354932555410647,95%,0.95
-4.882777085976728,2.252827170440483,95%,0.95
-4.921898716812997,2.149616924344154,95%,0.95
-4.959005770916692,2.0453473918608505,95%,0.95
-4.994081862857326,1.9400646154808086,95%,0.95
-5.02711150402013,1.8338150851142472,95%,0.95
-5.058080109445391,1.7266457175627306,95%,0.95
-5.086974004268752,1.6186038358020274,95%,0.95
-5.113780429759657,1.509737148085621,95%,0.95
-5.138487548955241,1.4000937268780838,95%,0.95
-5.161084451887201,1.2897219876276331,95%,0.95
-5.18156116039933,1.1786706673872307,95%,0.95
-5.199908632553593,1.0669888032936738,95%,0.95
-5.216118766622789,0.9547257109141707,95%,0.95
-5.230184404668047,0.8419309624699822,95%,0.95
-5.242099335699569,0.7286543649467201,95%,0.95
-5.251858298419232,0.6149459381009845,95%,0.95
-5.259456983543823,0.5008558923730468,95%,0.95
-5.264892035707905,0.3864346067153343,95%,0.95
-5.268161054945445,0.2717326063465029,95%,0.95
-5.269262597749572,0.15680054044092462,95%,0.95
-5.268196177709995,0.04168915976343046,95%,0.95
-5.2649622657277835,-0.07355070574078856,95%,0.95
-5.2595622898074295,-0.1888681693912609,95%,0.95
-5.251998634426283,-0.3042123102423555,95%,0.95
-5.242274639481637,-0.41953219556854615,95%,0.95
-5.230394598815915,-0.534776903354858,95%,0.95
-5.2163637583206395,-0.6498955447826025,95%,0.95
-5.200188313619989,-0.7648372867004498,95%,0.95
-5.181875407334985,-0.8795513740709098,95%,0.95
-5.1614331259295145,-0.9939871523823334,95%,0.95
-5.138870496139574,-1.108094090016515,95%,0.95
-5.114197480987311,-1.2218218005620396,95%,0.95
-5.087424975381645,-1.3351200650634947,95%,0.95
-5.058564801307376,-1.447938854196753,95%,0.95
-5.0276297026049255,-1.5602283503605103,95%,0.95
-4.994633339343024,-1.6719389696743416,95%,0.95
-4.9595902817868005,-1.7830213838735391,95%,0.95
-4.922516003963972,-1.8934265420910898,95%,0.95
-4.8834268768319395,-2.0031056925171558,95%,0.95
-4.842340161048842,-2.1120104039265057,95%,0.95
-4.79927399935173,-2.2200925870643724,95%,0.95
-4.754247408545248,-2.3273045158813184,95%,0.95
-4.707280271104345,-2.43359884860772,95%,0.95
-4.6583933263947355,-2.538928648658551,95%,0.95
-4.607608161514981,-2.643247405359265,95%,0.95
-4.554947201764231,-2.7465090544835933,95%,0.95
-4.500433700739846,-2.84866799859422,95%,0.95
-4.444091730069258,-2.949679127177316,95%,0.95
-4.385946168780626,-3.049497836562078,95%,0.95
-4.326022692316951,-3.1480800496164525,95%,0.95
-4.264347761198524,-3.2453822352103594,95%,0.95
-4.200948609338706,-3.3413614274378074,95%,0.95
-4.1358532320182,-3.4359752445894336,95%,0.95
-4.069090373523122,-3.5291819078670703,95%,0.95
-4.000689514452329,-3.6209402598320906,95%,0.95
-3.9306808586996276,-3.7112097825793695,95%,0.95
-3.859095320116574,-3.7999506156288505,95%,0.95
-3.785964508861788,-3.8871235735268184,95%,0.95
-3.7113207174428062,-3.972690163149083,95%,0.95
-3.63519690645661,-4.0566126006984655,95%,0.95
-3.557626690035157,-4.138853828389055,95%,0.95
-3.4786443210023297,-4.219377530809891,95%,0.95
-3.39828467574885,-4.298148150960816,95%,0.95
-3.316583238831841,-4.375130905953458,95%,0.95
-3.2335760873058588,-4.450291802370367,95%,0.95
-3.1492998747922707,-4.523597651275545,95%,0.95
-3.06379181529405,-4.595016082869764,95%,0.95
-2.9770896667631206,-4.664515560784141,95%,0.95
-2.8892317144275097,-4.732065396005719,95%,0.95
-2.800256753885665,-4.797635760428871,95%,0.95
-2.710204073975418,-4.861197700026546,95%,0.95
-2.619113439425125,-4.922723147635563,95%,0.95
-2.527025073294701,-4.982184935350268,95%,0.95
-2.4339796392142343,-5.0395568065191245,95%,0.95
-2.3400182234280806,-5.094813427338907,95%,0.95
-2.2451823166523286,-5.1479303980413995,95%,0.95
-2.14951379575367,-5.198884263667644,95%,0.95
-2.053054905257757,-5.24765252442499,95%,0.95
-1.955848238695201,-5.29421364562237,95%,0.95
-1.8579367197934782,-5.33854706717941,95%,0.95
-1.7593635835230133,-5.38063321270519,95%,0.95
-1.6601723570058369,-5.420453498142618,95%,0.95
-1.5604068402952316,-5.457990339974631,95%,0.95
-1.4601110870348628,-5.493227162988582,95%,0.95
-1.3593293850059305,-5.526148407595384,95%,0.95
-1.2581062365709315,-5.55673953670019,95%,0.95
-1.156486339022662,-5.584987042121565,95%,0.95
-1.0545145648471652,-5.610878450556312,95%,0.95
-0.9522359419092937,-5.63440232908734,95%,0.95
-0.8496956335696775,-5.6555482902321135,95%,0.95
-0.7469389187418503,-5.674306996529475,95%,0.95
-0.6440111718983617,-5.690670164662801,95%,0.95
-0.5409578430346846,-5.704630569117686,95%,0.95
-0.4378244375997719,-5.716182045372527,95%,0.95
-0.3346564964021418,-5.725319492620593,95%,0.95
-0.2314995755003311,-5.732038876022414,95%,0.95
-0.12839922608662424,-5.736337228487432,95%,0.95
-0.02540097437292843,-5.738212651984209,95%,0.95
0.07744969851231737,-5.737664318378517,95%,0.95
0.180107376607333,-5.734692469799046,95%,0.95
0.28252672917140065,-5.729298418530464,95%,0.95
0.38466253070165435,-5.721484546433962,95%,0.95
0.48646968090337706,-5.711254303895492,95%,0.95
0.5879032246050276,-5.698612208302163,95%,0.95
0.6889183716091782,-5.6835638420475005,95%,0.95
0.7894705164706042,-5.666115850066414,95%,0.95
0.8895152581927932,-5.64627593690098,95%,0.95
0.9890084198341729,-5.624052863298338,95%,0.95
1.087906068015414,-5.599456442342186,95%,0.95
1.1861645323191596,-5.572497535119598,95%,0.95
1.2837404245736617,-5.54318804592508,95%,0.95
1.3805906580117746,-5.511540917003967,95%,0.95
1.476672466296857,-5.477570122837485,95%,0.95
1.5719434224071835,-5.441290663972022,95%,0.95
1.6663614573705237,-5.4027185603953045,95%,0.95
1.7598848788406103,-5.361870844462422,95%,0.95
1.8524723895073187,-5.318765553374823,95%,0.95
1.9440831053323817,-5.273421721215586,95%,0.95
2.0346765736026367,-5.225859370544511,95%,0.95
2.1242127907928072,-5.176099503556721,95%,0.95
2.212652220229928,-5.124164092808679,95%,0.95
2.2999558095516326,-5.070076071515733,95%,0.95
2.3860850079505704,-5.013859323425444,95%,0.95
2.4710017831973676,-4.955538672271201,95%,0.95
2.5546686384345794,-4.895139870810762,95%,0.95
2.6370486287342496,-4.832689589454556,95%,0.95
2.718105377411754,-4.768215404488783,95%,0.95
2.797803092088717,-4.701745785898501,95%,0.95
2.87610658049792,-4.633310084796083,95%,0.95
2.9529812660232144,-4.562938520460593,95%,0.95
3.0283932029675817,-4.490662166993803,95%,0.95
3.102309091542602,-4.416512939598738,95%,0.95
3.1746962925726976,-4.340523580486832,95%,0.95
3.2455228419076754,-4.262727644419879,95%,0.95
3.314757464537198,-4.183159483893203,95%,0.95
3.3823695884009473,-4.101854233966557,95%,0.95
3.448329357888383,-4.018847796749472,95%,0.95
3.512607647022141,-3.934176825547899,95%,0.95
3.575176072319252,-3.847878708679131,95%,0.95
3.6360070053244753,-3.759991552962189,95%,0.95
3.695073584810256,-3.670554166890912,95%,0.95
3.7523497286378866,-3.579606043497224,95%,0.95
3.807810145274641,-3.4871873429121227,95%,0.95
3.861430344961808,-3.3933388746320934,95%,0.95
3.913186650528674,-3.298102079498785,95%,0.95
3.9630562078477016,-3.2015190113999075,95%,0.95
4.011016995926264,-3.1036323186994035,95%,0.95
4.057047836630497,-3.0044852254051477,95%,0.95
4.101128404036967,-2.904121512082436,95%,0.95
4.143239233408025,-2.802585496521718,95%,0.95
4.183361729786889,-2.6999220141691085,95%,0.95
4.221478176208652,-2.5961763983283226,95%,0.95
4.257571741523598,-2.4913944601427525,95%,0.95
4.291626487829358,-2.3856224683665705,95%,0.95
4.323627377508643,-2.278907128933744,95%,0.95
4.353560279869434,-2.171295564334004,95%,0.95
4.381411977384693,-2.062835292804892,95%,0.95
4.407170171528854,-1.9535742073490312,95%,0.95
4.430823488208508,-1.8435605545859344,95%,0.95
4.452361482784873,-1.7328429134476524,95%,0.95
4.471774644685867,-1.621470173727682,95%,0.95
4.489054401605698,-1.5094915144926133,95%,0.95
4.504193123290152,-1.396956382366036,95%,0.95
4.517184124905908,-1.283914469694305,95%,0.95
4.528021669992363,-1.1704156926037999,95%,0.95
4.536700972994696,-1.056510168959354,95%,0.95
4.5432182013770355,-0.9422481962336422,95%,0.95
4.547570477314792,-0.8276802292972141,95%,0.95
4.549755878965436,-0.7128568581390491,95%,0.95
4.549773441317117,-0.5978287855274406,95%,0.95
4.547623156614799,-0.4826468046210818,95%,0.95
4.543305974363671,-0.3673617765402355,95%,0.95
4.536823800909882,-0.2520246079078958,95%,0.95
4.528179498598747,-0.13668622837085817,95%,0.95
4.5173768845108215,-0.021397568110617493,95%,0.95
4.50442072877638,0.0937904646459638,95%,0.95
4.4893167524690645,0.20882700610629523,95%,0.95
4.472071625079618,0.3236612593720794,95%,0.95
4.4526929615708255,0.43824251686979004,95%,0.95
4.431189319014961,0.5525201827417052,95%,0.95
4.407570192815224,0.6664437951876332,95%,0.95
4.381846012512839,0.7799630487473936,95%,0.95
4.354028137181664,0.8930278165143124,95%,0.95
4.324128850412338,1.005588172269846,95%,0.95
4.292161354888199,1.117594412529597,95%,0.95
4.258139766555351,1.22899707849097,95%,0.95
4.222079108389453,1.3397469778727906,95%,0.95
4.183995303762002,1.449795206637228,95%,0.95
4.143905169409019,1.559093170584444,95%,0.95
4.101826408005253,1.6675926068104228,95%,0.95
4.057777600347172,1.7752456050185108,95%,0.95
4.011778197148213,1.8820046286752552,95%,0.95
3.9638485104498935,1.987822536001198,95%,0.95
3.9140097046525844,2.09265260078736,95%,0.95
3.8622837871699076,2.196448533028214,95%,0.95
3.8086935987108754,2.2991644993620657,95%,0.95
3.7532628031940867,2.4007551433097505,95%,0.95
3.696015877298403,2.501175605302794,95%,0.95
3.6369780996547325,2.600381542492132,95%,0.95
3.5761755396837005,2.698329148328663,95%,0.95
3.51363504608413,2.794975171906986,95%,0.95
3.4493842349774058,2.8902769370637866,95%,0.95
3.3834514777129803,2.984192361222425,95%,0.95
3.3158658883403778,3.0766799739754207,95%,0.95
3.2466573107532524,3.167698935396613,95%,0.95
3.175856305511168,3.2572090540749294,95%,0.95
3.1034941363449065,3.3451708048617714,95%,0.95
3.029602756351296,3.431545346324217,95%,0.95
2.9542147938836134,3.5162945378962998,95%,0.95
2.8773635381438307,3.599380956720804,95%,0.95
2.7990829244830246,3.680767914174162,95%,0.95
2.7194075194165013,3.7604194720670954,95%,0.95
2.6383725053601843,3.8383004585139213,95%,0.95
2.556013665095053,3.9143764834634656,95%,0.95
2.4723673659664707,3.9886139538847365,95%,0.95
2.387470543825394,4.060980088600666,95%,0.95
2.301360686718537,4.131442932763354,95%,0.95
2.214075818334708,4.199971371964429,95%,0.95
2.1256544812146148,4.2665351459742915,95%,0.95
2.0361357197315675,4.331104862104188,95%,0.95
1.9455590628505803,4.393652008185187,95%,0.95
1.8539645066734962,4.4541489651583515,95%,0.95
1.7613924967778314,4.512569019270543,95%,0.95
1.6678839103571457,4.568886373870456,95%,0.95
1.5734800381708327,4.6230761607996955,95%,0.95
1.4782225663112651,4.675114451373863,95%,0.95
1.3821535577964132,4.724978266948776,95%,0.95
1.285315433995983,4.772645589067201,95%,0.95
1.1877509558993404,4.818095369181579,95%,0.95
1.0895032052334614,4.861307537948476,95%,0.95
0.9906155654392532,4.902263014090638,95%,0.95
0.8911317025146477,4.94094371282274,95%,0.95
0.7910955457329267,4.977332553837133,95%,0.95
0.6905512682447932,5.011413468846011,95%,0.95
0.5895432675727492,5.043171408676722,95%,0.95
0.4881161460063993,5.072592349917059,95%,0.95
0.38631469090733794,5.099663301107607,95%,0.95
0.28418385493230836,5.124372308478394,95%,0.95
0.1817687361833773,5.146708461227354,95%,0.95
0.07911455829388514,5.166661896338222,95%,0.95
-0.023733349541053994,5.184223802935766,95%,0.95
-0.12672957258062248,5.199386426176417,95%,0.95
-0.22982863059218833,5.212143070672602,95%,0.95
-0.3329849979340897,5.222488103449222,95%,0.95
-0.4361531236584799,5.230416956431028,95%,0.95
-0.5392874516253398,5.23592612845975,95%,0.95
-0.6423424406187888,5.2390131868401095,95%,0.95
-0.745272584456804,5.2396767684140295,95%,0.95
-0.8480324320854684,5.237916580162571,95%,0.95
-0.9505766076488764,5.233733399335308,95%,0.95
-1.052859830525837,5.227129073107139,95%,0.95
-1.154836935324516,5.218106517762602,95%,0.95
-1.2564628918262086,5.206669717408144,95%,0.95
-1.3576928248694105,5.192823722212843,95%,0.95
-1.4584820341654243,5.1765746461783975,95%,0.95
-1.558786014036766,5.157929664439351,95%,0.95
-1.658560473069592,5.136897010094764,95%,0.95
-1.7577613536715588,5.113485970572702,95%,0.95
-1.8563448515264118,5.087706883529167,95%,0.95
-1.954267434936737,5.05957113228329,95%,0.95
